<?xml version="1.0" encoding="utf-8"?>
<extension type="package" version="3.0" method="upgrade">
    <name>COM_GFCALENDAR</name>
	<author>Teddy MÉRÉ - GFCOM</author>
	<packagename>gfcalendar</packagename>
    <creationDate>2018-07-05</creationDate>
    <copyright>2018 Teddy MÉRÉ - GFCOM</copyright>
    <license>GNU General Public License version 2 ou version ultérieure ; Voir LICENSE.txt</license>
    <packager>Teddy MÉRÉ - GFCOM</packager>
    <packagerEmail>teddy@gfcom.fr</packagerEmail>
    <packagerUrl>http://www.gfcom.fr</packagerUrl>
    <version>1.0.6</version>
    <description>Availability Calendar</description>
	
	<files folder="packages">
		<file type="component" id="com_gfcalendar" >com_gfcalendar.zip</file>
		<file type="module" id="mod_gfcalendar" client="site">mod_gfcalendar.zip</file>
	</files>
</extension>